ebird_kodu,bizim_bilimsel_ad,birdnet_bilimsel_ad,turkce_ad
hoocro1,Corvus cornix,Corvus cornix,Leş Kargası
yelgul1,Larus michahellis,Larus michahellis,Gümüş Martı
eurjac,Coloeus monedula,Corvus monedula,Küçük Karga
eurmag1,Pica pica,Pica pica,Saksağan
houspa,Passer domesticus,Passer domesticus,Serçe
gretit1,Parus major,Parus major,Büyük Baştankara
rocpig,Columba livia,Columba livia,Kaya Güvercini
comcha,Fringilla coelebs,Fringilla coelebs,İspinoz
eursta,Sturnus vulgaris,Sturnus vulgaris,Sığırcık
grecor,Phalacrocorax carbo,Phalacrocorax carbo,Karabatak
eurrob1,Erithacus rubecula,Erithacus rubecula,Kızılgerdan
graher1,Ardea cinerea,Ardea cinerea,Gri Balıkçıl
combuz1,Buteo buteo,Buteo buteo,Şahin
alpswi1,Tachymarptis melba,Apus melba,Ak Karınlı Ebabil
eurbla,Turdus merula,Turdus merula,Karatavuk
bkhgul,Chroicocephalus ridibundus,Chroicocephalus ridibundus,Karabaş Martı
eurjay1,Garrulus glandarius,Garrulus glandarius,Alakarga
comchi1,Phylloscopus collybita,Phylloscopus collybita,Çıvgın
eurspa1,Accipiter nisus,Accipiter nisus,Atmaca
whiwag,Motacilla alba,Motacilla alba,Ak Kuyruksallayan
blutit,Cyanistes caeruleus,Cyanistes caeruleus,Mavi Baştankara
barswa,Hirundo rustica,Hirundo rustica,Kır Kırlangıcı
mallar3,Anas platyrhynchos,Anas platyrhynchos,Yeşilbaş
eucdov,Streptopelia decaocto,Streptopelia decaocto,Kumru
winwre4,Troglodytes troglodytes,Troglodytes troglodytes,Çıtkuşu
whisto1,Ciconia ciconia,Ciconia ciconia,Leylek
eurcoo,Fulica atra,Fulica atra,Sakarmeke
wemhar1,Circus aeruginosus,Circus aeruginosus,Saz Delicesi
litgre1,Tachybaptus ruficollis,Tachybaptus ruficollis,Küçük Batağan
commoo3,Gallinula chloropus,Gallinula chloropus,Sutavuğu
alepar2,Psittacula eupatria,Psittacula eupatria,İskender Papağanı
lottit1,Aegithalos caudatus,Aegithalos caudatus,Uzun Kuyruklu Baştankara
rebshr1,Lanius collurio,Lanius collurio,Kızıl Sırtlı Örümcekkuşu
sarwar1,Curruca melanocephala,Curruca melanocephala,Maskeli Ötleğen
eurkes,Falco tinnunculus,Falco tinnunculus,Kerkenez
grcgre1,Podiceps cristatus,Podiceps cristatus,Bahri
cetwar1,Cettia cetti,Cettia cetti,Kamışbülbülü
shteag1,Circaetus gallicus,Circaetus gallicus,Yılan Kartalı
comrav,Corvus corax,Corvus corax,Kuzgun
eurgol,Carduelis carduelis,Carduelis carduelis,Saka
comswi,Apus apus,Apus apus,Ebabil
blackc1,Sylvia atricapilla,Sylvia atricapilla,Kara Başlı Ötleğen
eubeat1,Merops apiaster,Merops apiaster,Arıkuşu
syrwoo1,Dendrocopos syriacus,Dendrocopos syriacus,Alaca Ağaçkakan
comnig1,Luscinia megarhynchos,Luscinia megarhynchos,Bülbül
eurgre1,Chloris chloris,Chloris chloris,Florya
litegr,Egretta garzetta,Egretta garzetta,Küçük Ak Balıkçıl
eaywag1,Motacilla flava,Motacilla flava,Sarı Kuyruksallayan
greegr,Ardea alba,Ardea alba,Büyük Ak Balıkçıl
eurhob,Falco subbuteo,Falco subbuteo,Delice Doğan
comkin1,Alcedo atthis,Alcedo atthis,Yalıçapkını
wlwwar,Phylloscopus trochilus,Phylloscopus trochilus,Söğütbülbülü
sonthr1,Turdus philomelos,Turdus philomelos,Öter Ardıç
medgul1,Ichthyaetus melanocephalus,Ichthyaetus melanocephalus,Akdeniz Martısı
grywag,Motacilla cinerea,Motacilla cinerea,Dağ Kuyruksallayanı
norwhe,Oenanthe oenanthe,Oenanthe oenanthe,Kuyrukkakan
spofly1,Muscicapa striata,Muscicapa striata,Benekli Sinekkapan
meapip1,Anthus pratensis,Anthus pratensis,Çayır İncirkuşu
palswi3,Apus pallidus,Apus pallidus,Boz Ebabil
eaowar1,Iduna pallida,Iduna pallida,Ak Mukallit
corbun1,Emberiza calandra,Emberiza calandra,Tarla Çintesi
blared1,Phoenicurus ochruros,Phoenicurus ochruros,Kara Kızılkuyruk
blakit1,Milvus migrans,Milvus migrans,Kara Çaylak
euhbuz1,Pernis apivorus,Pernis apivorus,Arı Şahini
comhom1,Delichon urbicum,Delichon urbicum,Ev Kırlangıcı
leswoo1,Dryobates minor,Dryobates minor,Küçük Ağaçkakan
rook1,Corvus frugilegus,Corvus frugilegus,Ekin Kargası
eursis,Spinus spinus,Spinus spinus,Kara Başlı İskete
booeag1,Hieraaetus pennatus,Hieraaetus pennatus,Küçük Kartal
eargre,Podiceps nigricollis,Podiceps nigricollis,Kara Boyunlu Batağan
hoopoe,Upupa epops,Upupa epops,İbibik
rebfly,Ficedula parva,Ficedula parva,Küçük Sinekkapan
eutdov,Streptopelia turtur,Streptopelia turtur,Üveyik
litowl1,Athene noctua,Athene noctua,Kukumav
trepip,Anthus trivialis,Anthus trivialis,Ağaç İncirkuşu
whinch1,Saxicola rubetra,Saxicola rubetra,Çayır Taşkuşu
grnsan,Tringa ochropus,Tringa ochropus,Yeşil Düdükçün
cirbun1,Emberiza cirlus,Emberiza cirlus,Bahçe Çintesi
woosan,Tringa glareola,Tringa glareola,Orman Düdükçünü
perfal,Falco peregrinus,Falco peregrinus,Gökdoğan
tawpip1,Anthus campestris,Anthus campestris,Kır İncirkuşu
eurwar1,Acrocephalus scirpaceus,Acrocephalus scirpaceus,Saz Kamışçını
comsni,Gallinago gallinago,Gallinago gallinago,Suçulluğu
gnwtea,Anas crecca,Anas crecca,Çamurcun
stonec4,Saxicola rubicola,Saxicola rubicola,Taşkuşu
hawfin,Coccothraustes coccothraustes,Coccothraustes coccothraustes,Kocabaş
santer1,Thalasseus sandvicensis,Thalasseus sandvicensis,Kara Gagalı Sumru
eugwoo2,Picus viridis,Picus viridis,Yeşil Ağaçkakan
norhar1,Circus cyaneus,Circus cyaneus,Gökçe Delice
firecr1,Regulus ignicapilla,Regulus ignicapilla,Sürmeli Çalıkuşu
compoc,Aythya ferina,Aythya ferina,Elmabaş Patka
comred2,Phoenicurus phoenicurus,Phoenicurus phoenicurus,Kızılkuyruk
goldcr1,Regulus regulus,Regulus regulus,Çalıkuşu
skylar,Alauda arvensis,Alauda arvensis,Tarlakuşu
comter,Sterna hirundo,Sterna hirundo,Sumru
comred1,Tringa totanus,Tringa totanus,Kızılbacak
grrwar1,Acrocephalus arundinaceus,Acrocephalus arundinaceus,Büyük Kamışçın
spaspa1,Passer hispaniolensis,Passer hispaniolensis,Söğüt Serçesi
mewgul,Larus canus,Larus canus,Küçük Gümüş Martı
gargan,Spatula querquedula,Spatula querquedula,Çıkrıkçın
misthr1,Turdus viscivorus,Turdus viscivorus,Ökse Ardıcı
watpip1,Anthus spinoletta,Anthus spinoletta,Dağ İncirkuşu
casgul2,Larus cachinnans,Larus cachinnans,Hazar Martısı
grefla3,Phoenicopterus roseus,Phoenicopterus roseus,Flamingo
eurnut2,Sitta europaea,Sitta europaea,Sıvacı
dunlin,Calidris alpina,Calidris alpina,Kara Karınlı Kumkuşu
reebun,Emberiza schoeniclus,Emberiza schoeniclus,Bataklık Çintesi
comgre,Tringa nebularia,Tringa nebularia,Yeşilbacak
woolar1,Lullula arborea,Lullula arborea,Orman Toygarı
eutspa,Passer montanus,Passer montanus,Ağaç Serçesi
watrai1,Rallus aquaticus,Rallus aquaticus,Sukılavuzu
squher1,Ardeola ralloides,Ardeola ralloides,Alaca Balıkçıl
comcuc,Cuculus canorus,Cuculus canorus,Guguk
mutswa,Cygnus olor,Cygnus olor,Kuğu
shttre1,Certhia brachydactyla,Certhia brachydactyla,Bahçe Tırmaşıkkuşu
grswoo,Dendrocopos major,Dendrocopos major,Orman Alaca Ağaçkakanı
tufduc,Aythya fuligula,Aythya fuligula,Tepeli Patka
purher1,Ardea purpurea,Ardea purpurea,Erguvani Balıkçıl
eugori2,Oriolus oriolus,Oriolus oriolus,Sarıasma
dunnoc1,Prunella modularis,Prunella modularis,Dağbülbülü
cowpig1,Columba palumbus,Columba palumbus,Tahtalı
ortbun1,Emberiza hortulana,Emberiza hortulana,Kirazkuşu
colfly1,Ficedula albicollis,Ficedula albicollis,Halkalı Sinekkapan
brambl,Fringilla montifringilla,Fringilla montifringilla,Dağ İspinozu
coatit2,Periparus ater,Periparus ater,Çam Baştankarası
fieldf,Turdus pilaris,Turdus pilaris,Tarla Ardıcı
comsan,Actitis hypoleucos,Actitis hypoleucos,Dere Düdükçünü
eupfly1,Ficedula hypoleuca,Ficedula hypoleuca,Kara Sinekkapan
bkwsti,Himantopus himantopus,Himantopus himantopus,Uzunbacak
eurser1,Serinus serinus,Serinus serinus,Küçük İskete
norlap,Vanellus vanellus,Vanellus vanellus,Kızkuşu
martit2,Poecile palustris,Poecile palustris,Kayın Baştankarası
redwin,Turdus iliacus,Turdus iliacus,Kızıl Ardıç
miswoo1,Dendrocoptes medius,Dendrocoptes medius,Ortanca Ağaçkakan
gyfwoo1,Picus canus,Picus canus,Küçük Yeşil Ağaçkakan
crelar1,Galerida cristata,Galerida cristata,Tepeli Toygar
bkbplo,Pluvialis squatarola,Pluvialis squatarola,Gümüş Yağmurcun
euptit1,Remiz pendulinus,Remiz pendulinus,Çulhakuşu
eurlin1,Linaria cannabina,Linaria cannabina,Ketenkuşu
thrnig1,Luscinia luscinia,Luscinia luscinia,Benekli Bülbül
eursco1,Otus scops,Otus scops,İshakkuşu
eurnig1,Caprimulgus europaeus,Caprimulgus europaeus,Çobanaldatan
corplo,Charadrius hiaticula,Charadrius hiaticula,Halkalı Cılıbıt
sedwar1,Acrocephalus schoenobaenus,Acrocephalus schoenobaenus,Kındıra Kamışçını
retpip,Anthus cervinus,Anthus cervinus,Kızıl Gerdanlı İncirkuşu
marwar3,Acrocephalus palustris,Acrocephalus palustris,Çalı Kamışçını
gadwal,Mareca strepera,Mareca strepera,Boz Ördek
bcnher,Nycticorax nycticorax,Nycticorax nycticorax,Gece Balıkçılı
eurcur,Numenius arquata,Numenius arquata,Kervançulluğu
garwar1,Sylvia borin,Sylvia borin,Boz Ötleğen
eugplo,Pluvialis apricaria,Pluvialis apricaria,Altın Yağmurcun
comcra,Grus grus,Grus grus,Turna
loeowl,Asio otus,Asio otus,Kulaklı Orman Baykuşu
gragoo,Anser anser,Anser anser,Boz Kaz
tawowl1,Strix aluco,Strix aluco,Alaca Baykuş
eurwry,Jynx torquilla,Jynx torquilla,Boyunçeviren
whoswa,Cygnus cygnus,Cygnus cygnus,Ötücü Kuğu
yellow2,Emberiza citrinella,Emberiza citrinella,Sarı Çinte
webowl1,Tyto alba,Tyto alba,Peçeli Baykuş
comqua1,Coturnix coturnix,Coturnix coturnix,Bıldırcın
grebit1,Botaurus stellaris,Botaurus stellaris,Balaban
eurwoo,Scolopax rusticola,Scolopax rusticola,Çulluk
spocra1,Porzana porzana,Porzana porzana,Benekli Suyelvesi
callar1,Melanocorypha calandra,Melanocorypha calandra,Boğmaklı Toygar
gwfgoo,Anser albifrons,Anser albifrons,Sakarca
rinouz1,Turdus torquatus,Turdus torquatus,Boğmaklı Ardıç
bearee1,Panurus biarmicus,Panurus biarmicus,Bıyıklı Baştankara
blueth,Luscinia svecica,Luscinia svecica,Mavigerdan
savwar1,Locustella luscinioides,Locustella luscinioides,Bataklık Kamışçını
ictwar1,Hippolais icterina,Hippolais icterina,Sarı Mukallit
litter1,Sternula albifrons,Sternula albifrons,Küçük Sumru
euhgul1,Larus argentatus,Larus argentatus,Kuzey Gümüş Martısı
humwar1,Phylloscopus humei,Phylloscopus humei,Ak Kaşlı Çıvgın
comros,Carpodacus erythrinus,Carpodacus erythrinus,Çütre
rudtur,Arenaria interpres,Arenaria interpres,Taşçeviren
euroys1,Haematopus ostralegus,Haematopus ostralegus,Poyrazkuşu
redcro,Loxia curvirostra,Loxia curvirostra,Çaprazgaga
whimbr5,Numenius phaeopus,Numenius phaeopus,Sürmeli Kervançulluğu
