ebird_code,our_scientific_name,birdnet_scientific_name,english_name
hoocro1,Corvus cornix,Corvus cornix,Hooded Crow
yelgul1,Larus michahellis,Larus michahellis,Yellow-legged Gull
eurjac,Coloeus monedula,Corvus monedula,Eurasian Jackdaw
eurmag1,Pica pica,Pica pica,Eurasian Magpie
houspa,Passer domesticus,Passer domesticus,House Sparrow
gretit1,Parus major,Parus major,Great Tit
rocpig,Columba livia,Columba livia,Rock Pigeon
comcha,Fringilla coelebs,Fringilla coelebs,Common Chaffinch
eursta,Sturnus vulgaris,Sturnus vulgaris,European Starling
grecor,Phalacrocorax carbo,Phalacrocorax carbo,Great Cormorant
eurrob1,Erithacus rubecula,Erithacus rubecula,European Robin
graher1,Ardea cinerea,Ardea cinerea,Gray Heron
combuz1,Buteo buteo,Buteo buteo,Common Buzzard
alpswi1,Tachymarptis melba,Apus melba,Alpine Swift
eurbla,Turdus merula,Turdus merula,Eurasian Blackbird
bkhgul,Chroicocephalus ridibundus,Chroicocephalus ridibundus,Black-headed Gull
eurjay1,Garrulus glandarius,Garrulus glandarius,Eurasian Jay
comchi1,Phylloscopus collybita,Phylloscopus collybita,Common Chiffchaff
eurspa1,Accipiter nisus,Accipiter nisus,Eurasian Sparrowhawk
whiwag,Motacilla alba,Motacilla alba,White Wagtail
blutit,Cyanistes caeruleus,Cyanistes caeruleus,Eurasian Blue Tit
barswa,Hirundo rustica,Hirundo rustica,Barn Swallow
mallar3,Anas platyrhynchos,Anas platyrhynchos,Mallard
eucdov,Streptopelia decaocto,Streptopelia decaocto,Eurasian Collared-Dove
winwre4,Troglodytes troglodytes,Troglodytes troglodytes,Eurasian Wren
whisto1,Ciconia ciconia,Ciconia ciconia,White Stork
eurcoo,Fulica atra,Fulica atra,Eurasian Coot
wemhar1,Circus aeruginosus,Circus aeruginosus,Western Marsh Harrier
litgre1,Tachybaptus ruficollis,Tachybaptus ruficollis,Little Grebe
commoo3,Gallinula chloropus,Gallinula chloropus,Eurasian Moorhen
alepar2,Psittacula eupatria,Psittacula eupatria,Alexandrine Parakeet
lottit1,Aegithalos caudatus,Aegithalos caudatus,Long-tailed Tit
rebshr1,Lanius collurio,Lanius collurio,Red-backed Shrike
sarwar1,Curruca melanocephala,Curruca melanocephala,Sardinian Warbler
eurkes,Falco tinnunculus,Falco tinnunculus,Eurasian Kestrel
grcgre1,Podiceps cristatus,Podiceps cristatus,Great Crested Grebe
cetwar1,Cettia cetti,Cettia cetti,Cetti's Warbler
shteag1,Circaetus gallicus,Circaetus gallicus,Short-toed Snake-Eagle
comrav,Corvus corax,Corvus corax,Common Raven
eurgol,Carduelis carduelis,Carduelis carduelis,European Goldfinch
comswi,Apus apus,Apus apus,Common Swift
blackc1,Sylvia atricapilla,Sylvia atricapilla,Eurasian Blackcap
eubeat1,Merops apiaster,Merops apiaster,European Bee-eater
syrwoo1,Dendrocopos syriacus,Dendrocopos syriacus,Syrian Woodpecker
comnig1,Luscinia megarhynchos,Luscinia megarhynchos,Common Nightingale
eurgre1,Chloris chloris,Chloris chloris,European Greenfinch
litegr,Egretta garzetta,Egretta garzetta,Little Egret
eaywag1,Motacilla flava,Motacilla flava,Western Yellow Wagtail
greegr,Ardea alba,Ardea alba,Great Egret
eurhob,Falco subbuteo,Falco subbuteo,Eurasian Hobby
comkin1,Alcedo atthis,Alcedo atthis,Common Kingfisher
wlwwar,Phylloscopus trochilus,Phylloscopus trochilus,Willow Warbler
sonthr1,Turdus philomelos,Turdus philomelos,Song Thrush
medgul1,Ichthyaetus melanocephalus,Ichthyaetus melanocephalus,Mediterranean Gull
grywag,Motacilla cinerea,Motacilla cinerea,Gray Wagtail
norwhe,Oenanthe oenanthe,Oenanthe oenanthe,Northern Wheatear
spofly1,Muscicapa striata,Muscicapa striata,Spotted Flycatcher
meapip1,Anthus pratensis,Anthus pratensis,Meadow Pipit
palswi3,Apus pallidus,Apus pallidus,Pallid Swift
eaowar1,Iduna pallida,Iduna pallida,Eastern Olivaceous Warbler
corbun1,Emberiza calandra,Emberiza calandra,Corn Bunting
blared1,Phoenicurus ochruros,Phoenicurus ochruros,Black Redstart
blakit1,Milvus migrans,Milvus migrans,Black Kite
euhbuz1,Pernis apivorus,Pernis apivorus,European Honey-buzzard
comhom1,Delichon urbicum,Delichon urbicum,Western House-Martin
leswoo1,Dryobates minor,Dryobates minor,Lesser Spotted Woodpecker
rook1,Corvus frugilegus,Corvus frugilegus,Rook
eursis,Spinus spinus,Spinus spinus,Eurasian Siskin
booeag1,Hieraaetus pennatus,Hieraaetus pennatus,Booted Eagle
eargre,Podiceps nigricollis,Podiceps nigricollis,Eared Grebe
hoopoe,Upupa epops,Upupa epops,Common Hoopoe
rebfly,Ficedula parva,Ficedula parva,Red-breasted Flycatcher
eutdov,Streptopelia turtur,Streptopelia turtur,European Turtle-Dove
litowl1,Athene noctua,Athene noctua,Little Owl
trepip,Anthus trivialis,Anthus trivialis,Tree Pipit
whinch1,Saxicola rubetra,Saxicola rubetra,Whinchat
grnsan,Tringa ochropus,Tringa ochropus,Green Sandpiper
cirbun1,Emberiza cirlus,Emberiza cirlus,Cirl Bunting
woosan,Tringa glareola,Tringa glareola,Wood Sandpiper
perfal,Falco peregrinus,Falco peregrinus,Peregrine Falcon
tawpip1,Anthus campestris,Anthus campestris,Tawny Pipit
eurwar1,Acrocephalus scirpaceus,Acrocephalus scirpaceus,Common Reed Warbler
comsni,Gallinago gallinago,Gallinago gallinago,Common Snipe
gnwtea,Anas crecca,Anas crecca,Green-winged Teal
stonec4,Saxicola rubicola,Saxicola rubicola,European Stonechat
hawfin,Coccothraustes coccothraustes,Coccothraustes coccothraustes,Hawfinch
santer1,Thalasseus sandvicensis,Thalasseus sandvicensis,Sandwich Tern
eugwoo2,Picus viridis,Picus viridis,Eurasian Green Woodpecker
norhar1,Circus cyaneus,Circus cyaneus,Hen Harrier
firecr1,Regulus ignicapilla,Regulus ignicapilla,Common Firecrest
compoc,Aythya ferina,Aythya ferina,Common Pochard
comred2,Phoenicurus phoenicurus,Phoenicurus phoenicurus,Common Redstart
goldcr1,Regulus regulus,Regulus regulus,Goldcrest
skylar,Alauda arvensis,Alauda arvensis,Eurasian Skylark
comter,Sterna hirundo,Sterna hirundo,Common Tern
comred1,Tringa totanus,Tringa totanus,Common Redshank
grrwar1,Acrocephalus arundinaceus,Acrocephalus arundinaceus,Great Reed Warbler
spaspa1,Passer hispaniolensis,Passer hispaniolensis,Spanish Sparrow
mewgul,Larus canus,Larus canus,Common Gull
gargan,Spatula querquedula,Spatula querquedula,Garganey
misthr1,Turdus viscivorus,Turdus viscivorus,Mistle Thrush
watpip1,Anthus spinoletta,Anthus spinoletta,Water Pipit
casgul2,Larus cachinnans,Larus cachinnans,Caspian Gull
grefla3,Phoenicopterus roseus,Phoenicopterus roseus,Greater Flamingo
eurnut2,Sitta europaea,Sitta europaea,Eurasian Nuthatch
dunlin,Calidris alpina,Calidris alpina,Dunlin
reebun,Emberiza schoeniclus,Emberiza schoeniclus,Reed Bunting
comgre,Tringa nebularia,Tringa nebularia,Common Greenshank
woolar1,Lullula arborea,Lullula arborea,Wood Lark
eutspa,Passer montanus,Passer montanus,Eurasian Tree Sparrow
watrai1,Rallus aquaticus,Rallus aquaticus,Water Rail
squher1,Ardeola ralloides,Ardeola ralloides,Squacco Heron
comcuc,Cuculus canorus,Cuculus canorus,Common Cuckoo
mutswa,Cygnus olor,Cygnus olor,Mute Swan
shttre1,Certhia brachydactyla,Certhia brachydactyla,Short-toed Treecreeper
grswoo,Dendrocopos major,Dendrocopos major,Great Spotted Woodpecker
tufduc,Aythya fuligula,Aythya fuligula,Tufted Duck
purher1,Ardea purpurea,Ardea purpurea,Purple Heron
eugori2,Oriolus oriolus,Oriolus oriolus,Eurasian Golden Oriole
dunnoc1,Prunella modularis,Prunella modularis,Dunnock
cowpig1,Columba palumbus,Columba palumbus,Common Wood-Pigeon
ortbun1,Emberiza hortulana,Emberiza hortulana,Ortolan Bunting
colfly1,Ficedula albicollis,Ficedula albicollis,Collared Flycatcher
brambl,Fringilla montifringilla,Fringilla montifringilla,Brambling
coatit2,Periparus ater,Periparus ater,Coal Tit
fieldf,Turdus pilaris,Turdus pilaris,Fieldfare
comsan,Actitis hypoleucos,Actitis hypoleucos,Common Sandpiper
eupfly1,Ficedula hypoleuca,Ficedula hypoleuca,European Pied Flycatcher
bkwsti,Himantopus himantopus,Himantopus himantopus,Black-winged Stilt
eurser1,Serinus serinus,Serinus serinus,European Serin
norlap,Vanellus vanellus,Vanellus vanellus,Northern Lapwing
martit2,Poecile palustris,Poecile palustris,Marsh Tit
redwin,Turdus iliacus,Turdus iliacus,Redwing
miswoo1,Dendrocoptes medius,Dendrocoptes medius,Middle Spotted Woodpecker
gyfwoo1,Picus canus,Picus canus,Gray-headed Woodpecker
crelar1,Galerida cristata,Galerida cristata,Crested Lark
bkbplo,Pluvialis squatarola,Pluvialis squatarola,Black-bellied Plover
euptit1,Remiz pendulinus,Remiz pendulinus,Eurasian Penduline-Tit
eurlin1,Linaria cannabina,Linaria cannabina,Eurasian Linnet
thrnig1,Luscinia luscinia,Luscinia luscinia,Thrush Nightingale
eursco1,Otus scops,Otus scops,Eurasian Scops-Owl
eurnig1,Caprimulgus europaeus,Caprimulgus europaeus,Eurasian Nightjar
corplo,Charadrius hiaticula,Charadrius hiaticula,Common Ringed Plover
sedwar1,Acrocephalus schoenobaenus,Acrocephalus schoenobaenus,Sedge Warbler
retpip,Anthus cervinus,Anthus cervinus,Red-throated Pipit
marwar3,Acrocephalus palustris,Acrocephalus palustris,Marsh Warbler
gadwal,Mareca strepera,Mareca strepera,Gadwall
bcnher,Nycticorax nycticorax,Nycticorax nycticorax,Black-crowned Night Heron
eurcur,Numenius arquata,Numenius arquata,Eurasian Curlew
garwar1,Sylvia borin,Sylvia borin,Garden Warbler
eugplo,Pluvialis apricaria,Pluvialis apricaria,European Golden-Plover
comcra,Grus grus,Grus grus,Common Crane
loeowl,Asio otus,Asio otus,Long-eared Owl
gragoo,Anser anser,Anser anser,Graylag Goose
tawowl1,Strix aluco,Strix aluco,Tawny Owl
eurwry,Jynx torquilla,Jynx torquilla,Eurasian Wryneck
whoswa,Cygnus cygnus,Cygnus cygnus,Whooper Swan
yellow2,Emberiza citrinella,Emberiza citrinella,Yellowhammer
webowl1,Tyto alba,Tyto alba,Western Barn Owl
comqua1,Coturnix coturnix,Coturnix coturnix,Common Quail
grebit1,Botaurus stellaris,Botaurus stellaris,Eurasian Bittern
eurwoo,Scolopax rusticola,Scolopax rusticola,Eurasian Woodcock
spocra1,Porzana porzana,Porzana porzana,Spotted Crake
callar1,Melanocorypha calandra,Melanocorypha calandra,Calandra Lark
gwfgoo,Anser albifrons,Anser albifrons,Greater White-fronted Goose
rinouz1,Turdus torquatus,Turdus torquatus,Ring Ouzel
bearee1,Panurus biarmicus,Panurus biarmicus,Bearded Reedling
blueth,Luscinia svecica,Luscinia svecica,Bluethroat
savwar1,Locustella luscinioides,Locustella luscinioides,Savi's Warbler
ictwar1,Hippolais icterina,Hippolais icterina,Icterine Warbler
litter1,Sternula albifrons,Sternula albifrons,Little Tern
euhgul1,Larus argentatus,Larus argentatus,European Herring Gull
humwar1,Phylloscopus humei,Phylloscopus humei,Hume's Warbler
comros,Carpodacus erythrinus,Carpodacus erythrinus,Common Rosefinch
rudtur,Arenaria interpres,Arenaria interpres,Ruddy Turnstone
euroys1,Haematopus ostralegus,Haematopus ostralegus,Eurasian Oystercatcher
redcro,Loxia curvirostra,Loxia curvirostra,Red Crossbill
whimbr5,Numenius phaeopus,Numenius phaeopus,Eurasian Whimbrel
